program;randMemAccess_linux64;simpleINT_linux64;simpleFPU_linux64
470.lbm_linux64_0 ;21.1775725359959;67.1369962664812;2.96628882384443
