program;randMemAccess_linux64;simpleINT_linux64;simpleFPU_linux64
416.gamess_linux64_0 ;3.13675252090905;212.99633236397;1.86319308758823
