program;randMemAccess_linux64;simpleINT_linux64;simpleFPU_linux64
444.namd_linux64_0 ;1.77742491339492;114.691954604004;0.870651309220052
