program;randMemAccess_linux64;simpleINT_linux64;simpleFPU_linux64
433.milc_linux64_0 ;38.7263848502303;52.7339577284657;0.136066838717566
