program;445.gobmk_linux64;456.hmmer_linux64;471.omnetpp_linux64;464.h264ref_linux64;436.cactusADM_linux64;482.sphinx3_linux64;998.specrand_linux64;473.astar_linux64
randMemAccess_linux64_268435456 ;0;0.0125651473270314;0.00922024190665467;0.00462312965716174;0;0;0;0
