program;462.libquantum_linux64;465.tonto_linux64;459.gemsFDTD_linux64;simpleFPU_linux64
randMemAccess_linux64_268435456 ;0;0.0200750436152071;0.00413283511653044;0
