program;462.libquantum_linux64;465.tonto_linux64;459.gemsFDTD_linux64;450.soplex_linux64;470.lbm_linux64
randMemAccess_linux64_268435456 ;0;0.020075043615207;0.00413283511653045;0;0
