program;randMemAccess_linux64;simpleINT_linux64;simpleFPU_linux64
464.h264ref_linux64_0 ;7.24412789558712;140.769494748034;1.41711354175062
