program;randMemAccess_linux64;simpleINT_linux64;simpleFPU_linux64
465.tonto_linux64_0 ;35.9989129565102;2.8211638069795;0.702037278097448
