program;randMemAccess_linux64;simpleINT_linux64;simpleFPU_linux64
pi_linux64_268435456 ;0.000140294393164665;0.0205289407682077;0.348463110756686
