program;462.libquantum_linux64;465.tonto_linux64;459.gemsFDTD_linux64;simpleFPU_linux64
simpleINT_linux64_268435456 ;0;0.0011340328358776;0;0.0377172391544036
