program;462.libquantum_linux64;465.tonto_linux64;459.gemsFDTD_linux64;simpleFPU_linux64
pi_linux64_268435456 ;2.70245048695902E-07;2.26141253424485E-06;0;0.34927962364135
