program;randMemAccess_linux64;simpleINT_linux64;simpleFPU_linux64
456.hmmer_linux64_0 ;1.23443967700107;112.220640385552;1.38822066127226
