program;randMemAccess_linux64;simpleINT_linux64;simpleFPU_linux64
435.gromacs_linux64_0 ;11.2891655860543;101.658198283935;4.26743805361632
